feature,coef_sklearn,coef_sm,std_error,z_value,p_value,ci_lower,ci_upper,odds_ratio
credit_utilization_ratio,-0.89238,-0.941235,0.038725,-24.305919,0.00000,-1.017134,-0.865336,0.390146
retirement_balance,0.894949,0.467227,0.021124,22.118777,0.00000,0.425826,0.508628,1.595563
brokerage_balance,0.651019,0.472591,0.022516,20.989013,0.00000,0.42846,0.516722,1.604145
risk_tier_Prime Plus,0.558117,0.562279,0.029704,18.929072,0.00000,0.504059,0.620498,1.754666
autopay_enrolled_flag,0.639814,0.64074,0.036481,17.56357,0.00000,0.569238,0.712242,1.897885
risk_tier_Prime,0.399809,0.453406,0.033365,13.58916,0.00000,0.388012,0.518801,1.573664
age,0.435489,0.37585,0.032548,11.547626,0.00000,0.312057,0.439642,1.456228
overdraft_count_12mo,-0.477418,-0.487976,0.04468,-10.921476,0.00000,-0.575548,-0.400404,0.613868
delinquency_90d_count,-0.244007,-0.269463,0.044615,-6.039749,0.00000,-0.356907,-0.18202,0.763789
