,count,mean,std,min,25%,50%,75%,max
age,40000.0,0.0,1.0,-1.758,-0.7046,-0.0024,0.6999,4.1235
annual_income,40000.0,-0.0,1.0,-1.1065,-0.6842,-0.2516,0.3962,10.6097
retirement_balance,40000.0,-0.0,1.0,-0.6459,-0.485,-0.3034,0.0909,27.6551
brokerage_balance,40000.0,0.0,1.0,-0.289,-0.289,-0.289,-0.0837,32.1727
total_products_owned,40000.0,0.0,1.0,-1.6995,-0.8551,-0.0106,0.8338,4.2116
avg_transaction_amount,40000.0,-0.0,1.0,-1.3041,-0.6572,-0.2551,0.3393,15.0081
credit_score,40000.0,0.0,1.0,-3.3133,-0.6714,0.0035,0.6927,2.43
debt_to_income_ratio,40000.0,0.0,1.0,-2.5157,-0.7727,-0.0353,0.7021,3.7188
credit_utilization_ratio,40000.0,-0.0,1.0,-2.3337,-0.7454,-0.0647,0.7294,3.1119
